<!DOCTYPE mapper
        PUBLIC "-//mybatis.org//DTD Mapper 3.0//EN"
        "http://mybatis.org/dtd/mybatis-3-mapper.dtd">

<mapper namespace="org.smart.board.dao.BoardDao">
    <select id="findAll" resultType="Board" parameterType="map">
        SELECT * FROM (
            SELECT rownum bnum, b.*
            FROM (
                SELECT * FROM board
                WHERE
                    ${searchItem} LIKE '%' || #{searchWord} || '%'
                ORDER BY regdate DESC
            ) b
        ) WHERE bnum BETWEEN #{srow} and #{erow}
    </select>

    <!-- 게시글 등록 -->
    <insert id="insert" parameterType="Board">
        INSERT INTO board
        (boardseq, usrid, title, content
            <if test="originalfile != null">
                , originalfile, savedfile
            </if>
        )
        VALUES
        (board_seq.nextval, #{usrid}, #{title}, #{content}
            <if test="originalfile != null">
                , #{originalfile}, #{savedfile}
            </if>
        )
    </insert>
    
    <select id="findOne" parameterType="Long" resultType="Board">
        SELECT
            boardseq, usrid, title, content, hitcount,
            to_char(regdate, 'YYYY-MM-DD') as regdate,
            originalfile, savedfile
        FROM board
        WHERE
            boardseq = #{boardseq}
    </select>

    <update id="hitCount" parameterType="Long" >
        UPDATE board
        SET
            hitcount = hitcount + 1
        WHERE
            boardseq = #{boardseq}
    </update>

    <update id="update" parameterType="Board">
        UPDATE board
        SET
            title = #{title}
            , content = #{content}
        WHERE
            boardseq = #{boardseq}
    </update>

    <delete id="delete" parameterType="Long">
        DELETE board
        WHERE
            boardseq = #{boardseq}
    </delete>
    <!-- 전체 글개수 조회 -->
    <select id="getBoardCount" parameterType="map" resultType="int">
        SELECT count(*)
        FROM board
        WHERE
            ${searchItem} LIKE '%' || #{searchWord} || '%'
    </select>
</mapper>
